% Complete,Constraint Date,Constraint Type,Is Milestone,Milestone,Task Mode,Task Name,Duration,Start,Finish,Predecessors,Work,Resource Names,Baseline Start,Baseline Finish,Actual Start,Actual Finish,Physical % Complete,Number1,Number2
35%,,No,Auto Scheduled,Phase 1 LIMs Roll Out Initiation,53.97 days,Wed 02/04/25,Mon 16/06/25,,36 hrs,,Mon 31/03/25,Wed 09/04/25,NA,NA,0,0,0,0
100%,,No,Auto Scheduled,LIMs Roll Out Outline PID,6.63 days,Wed 02/04/25,Thu 10/04/25,,7 hrs,,Mon 31/03/25,Wed 09/04/25,NA,NA,0,0,0,0
100%,,No,Auto Scheduled,LIMs Roll Out High Level Scope and Objectives,1 day,Wed 02/04/25,Wed 02/04/25,703,1 hr,James Fleming[13%],Mon 31/03/25,Tue 01/04/25,NA,NA,0,0,0,0
100%,,No,Auto Scheduled,LIMs Roll Out Initial Stakeholder Identification,1 day,Wed 02/04/25,Thu 03/04/25,826,1 hr,James Fleming[13%],Tue 01/04/25,Wed 02/04/25,NA,NA,0,0,0,0
100%,,No,Auto Scheduled,LIMs Roll Out Prelim Resource Allocation,1 day,Thu 03/04/25,Mon 07/04/25,827,1 hr,James Fleming[13%],Wed 02/04/25,Wed 02/04/25,NA,NA,0,0,0,0
100%,,No,Auto Scheduled,LIMs Roll Out Prelim Budget & Schedule,1 day,Mon 07/04/25,Tue 08/04/25,828,1 hr,James Fleming[13%],Wed 02/04/25,Thu 03/04/25,NA,NA,0,0,0,0
100%,,No,Auto Scheduled,LIMs Roll Out Feasibility Study,1 day,Tue 08/04/25,Tue 08/04/25,829,1 hr,James Fleming[13%],Thu 03/04/25,Mon 07/04/25,NA,NA,0,0,0,0
100%,,No,Auto Scheduled,LIMs Roll Out Preliminary Risk Assessment,1 day,Wed 09/04/25,Wed 09/04/25,830,1 hr,James Fleming[13%],Mon 07/04/25,Tue 08/04/25,NA,NA,0,0,0,0
100%,,No,Auto Scheduled,LIMs Roll Out Prelim Schedule,1 day,Wed 09/04/25,Thu 10/04/25,831,1 hr,James Fleming[13%],Tue 08/04/25,Wed 09/04/25,NA,NA,0,0,0,0
3%,,No,Auto Scheduled,Phase 2 - LIMs Roll Out Planning,47.34 days,Thu 10/04/25,Mon 16/06/25,,29 hrs,,Wed 09/04/25,Tue 29/04/25,NA,NA,0,0,0,0
0%,,No,Auto Scheduled,LIMs Roll Out SoW Approved,0 days,Thu 22/05/25,Thu 22/05/25,832FS+30 days,0 hrs,James Fleming[9%];Scott Niedzwiecki[1%];Kurtis Parsons[1%];Lloyd Harrington[1%];Josh Avent[1%],Tue 29/04/25,Tue 29/04/25,NA,NA,0,0,0,0
0%,,No,Auto Scheduled,LIMs Roll Out Thermo Fischer Proposal Approved,0 days,Thu 12/06/25,Thu 12/06/25,834FS+15 days,0 hrs,James Fleming[9%];Scott Niedzwiecki[1%];Kurtis Parsons[1%];Lloyd Harrington[1%];Josh Avent[1%],Tue 29/04/25,Tue 29/04/25,NA,NA,0,0,0,0
10%,,No,Auto Scheduled,LIMs Roll Out Detailed Project Plan,1 day,Thu 10/04/25,Fri 13/06/25,835,2 hrs,James Fleming[25%],Wed 09/04/25,Thu 10/04/25,NA,NA,0,0,0,0
10%,,No,Auto Scheduled,LIMs Roll Out Detailed Scope,1 day,Mon 14/04/25,Fri 13/06/25,835,2 hrs,James Fleming[25%],Thu 10/04/25,Mon 14/04/25,NA,NA,0,0,0,0
5%,,No,Auto Scheduled,LIMs Roll Out Detailed Resource Plan,1 day,Mon 14/04/25,Fri 13/06/25,835,2 hrs,James Fleming[25%],Mon 14/04/25,Tue 15/04/25,NA,NA,0,0,0,0
5%,,No,Auto Scheduled,LIMs Roll Out Stakeholder and Team Alignment,1 day,Tue 15/04/25,Fri 13/06/25,835,2 hrs,James Fleming[25%],Tue 15/04/25,Wed 16/04/25,NA,NA,0,0,0,0
5%,,No,Auto Scheduled,LIMs Roll Out Roles & Responsibilities (RACI),1 day,Wed 16/04/25,Fri 13/06/25,835,2 hrs,James Fleming[25%],Wed 16/04/25,Wed 16/04/25,NA,NA,0,0,0,0
0%,,No,Auto Scheduled,LIMs Roll Out WBS,1 day,Thu 12/06/25,Mon 16/06/25,835,2 hrs,James Fleming[25%],Wed 16/04/25,Thu 17/04/25,NA,NA,0,0,0,0
0%,,No,Auto Scheduled,LIMs Roll Out PBS,1 day,Thu 12/06/25,Mon 16/06/25,835,2 hrs,James Fleming[25%],Thu 17/04/25,Mon 21/04/25,NA,NA,0,0,0,0
0%,,No,Auto Scheduled,LIMs Roll Out Procurement Plan,1 day,Thu 12/06/25,Mon 16/06/25,835,2 hrs,James Fleming[25%],Mon 21/04/25,Tue 22/04/25,NA,NA,0,0,0,0
0%,,No,Auto Scheduled,LIMs Roll Out CBS,1 day,Thu 12/06/25,Mon 16/06/25,835,2 hrs,James Fleming[25%],Tue 22/04/25,Tue 22/04/25,NA,NA,0,0,0,0
0%,,No,Auto Scheduled,LIMs Roll Out detailed Quality Plan,1 day,Thu 12/06/25,Fri 13/06/25,835,4 hrs,Martyn Price[50%],Tue 22/04/25,Wed 23/04/25,NA,NA,0,0,0,0
0%,,No,Auto Scheduled,LIMs Roll Out detailed Communication Management Plan,1 day,Thu 12/06/25,Mon 16/06/25,835,2 hrs,James Fleming[25%],Wed 23/04/25,Thu 24/04/25,NA,NA,0,0,0,0
0%,,No,Auto Scheduled,LIMs Roll Out detailed Risk Management Plan,1 day,Thu 12/06/25,Mon 16/06/25,835,2 hrs,James Fleming[25%],Thu 24/04/25,Mon 28/04/25,NA,NA,0,0,0,0
0%,,No,Auto Scheduled,LIMs Roll Out detailed Schedule,1 day,Thu 12/06/25,Mon 16/06/25,835,2 hrs,James Fleming[25%],Mon 28/04/25,Mon 28/04/25,NA,NA,0,0,0,0
0%,,No,Auto Scheduled,LIMs Roll Out Gate 2 Approval to Start Execution,0.94 days,Mon 16/06/25,Mon 16/06/25,,1 hr,,Tue 29/04/25,Tue 29/04/25,NA,NA,0,0,0,0
0%,,No,Auto Scheduled,LIMs Roll Out Detailed Project Plan Team Review,1 day,Mon 16/06/25,Mon 16/06/25,848,1 hr,James Fleming[9%];Scott Niedzwiecki[1%];Kurtis Parsons[1%];Lloyd Harrington[1%];Josh Avent[1%],Tue 29/04/25,Tue 29/04/25,NA,NA,0,0,0,0
0%,,No,Auto Scheduled,LIMs Roll Out Detailed Project Plan complete,0 days,Mon 16/06/25,Mon 16/06/25,850,0 hrs,James Fleming[9%];Scott Niedzwiecki[1%];Kurtis Parsons[1%];Lloyd Harrington[1%];Josh Avent[1%],Tue 29/04/25,Tue 29/04/25,NA,NA,0,0,0,0
0%,,No,Auto Scheduled,LIMs Roll Out Approval to Start Execution Complete,0 days,Mon 16/06/25,Mon 16/06/25,850,0 hrs,James Fleming[0%],Tue 29/04/25,Tue 29/04/25,NA,NA,0,0,0,0
0%,Yes,Auto Scheduled,Phase 3 - LIMs Roll Out Design,13 days,Mon 16/06/25,Thu 03/07/25,,0 hrs,,Tue 29/04/25,Mon 19/05/25,NA,NA,0,0,0,0
0%,,No,Auto Scheduled,LIMs Roll Out stakeholder workshops to gather design requirements.,1 day,Mon 16/06/25,Tue 17/06/25,852,0 hrs,,Tue 29/04/25,Wed 30/04/25,NA,NA,0,0,0,0
0%,,No,Auto Scheduled,LIMs Roll Out Research applicable design standards and regulations.,1 day,Tue 17/06/25,Wed 18/06/25,854,0 hrs,,Wed 30/04/25,Thu 01/05/25,NA,NA,0,0,0,0
0%,,No,Auto Scheduled,LIMs Roll Out Create initial conceptual designs.,1 day,Wed 18/06/25,Thu 19/06/25,855,0 hrs,,Thu 01/05/25,Fri 02/05/25,NA,NA,0,0,0,0
0%,,No,Auto Scheduled,LIMs Roll Out Develop detailed drawings or CAD models.,1 day,Thu 19/06/25,Fri 20/06/25,856,0 hrs,,Fri 02/05/25,Mon 05/05/25,NA,NA,0,0,0,0
0%,,No,Auto Scheduled,LIMs Roll Out Draft technical specifications for the design.,1 day,Fri 20/06/25,Mon 23/06/25,857,0 hrs,,Mon 05/05/25,Tue 06/05/25,NA,NA,0,0,0,0
0%,,No,Auto Scheduled,LIMs Roll Out Assess design feasibility and constraints.,1 day,Mon 23/06/25,Tue 24/06/25,858,0 hrs,,Tue 06/05/25,Wed 07/05/25,NA,NA,0,0,0,0
0%,,No,Auto Scheduled,LIMs Roll Out Test preliminary designs against requirements and standards.,1 day,Tue 24/06/25,Wed 25/06/25,859,0 hrs,,Wed 07/05/25,Thu 08/05/25,NA,NA,0,0,0,0
0%,,No,Auto Scheduled,LIMs Roll Out Consult with subject matter experts (SMEs) or external advisors.,1 day,Wed 25/06/25,Thu 26/06/25,860,0 hrs,,Thu 08/05/25,Fri 09/05/25,NA,NA,0,0,0,0
0%,,No,Auto Scheduled,LIMs Roll Out Revise designs based on feedback from stakeholders.,1 day,Thu 26/06/25,Fri 27/06/25,861,0 hrs,,Fri 09/05/25,Mon 12/05/25,NA,NA,0,0,0,0
0%,,No,Auto Scheduled,LIMs Roll Out Prepare a bill of materials (BOM) if applicable.,1 day,Fri 27/06/25,Mon 30/06/25,862,0 hrs,,Mon 12/05/25,Tue 13/05/25,NA,NA,0,0,0,0
0%,Yes,Auto Scheduled,LIMs Roll Out Develop prototypes or mock-ups (physical or digital).,1 day,Mon 30/06/25,Tue 01/07/25,863,0 hrs,,Tue 13/05/25,Wed 14/05/25,NA,NA,0,0,0,0
0%,Yes,Auto Scheduled,LIMs Roll Out Conduct internal design review meetings.,1 day,Tue 01/07/25,Wed 02/07/25,864,0 hrs,,Wed 14/05/25,Thu 15/05/25,NA,NA,0,0,0,0
0%,Yes,Auto Scheduled,Gate 3 LIMs Roll Out Approval to Start Development,1 day,Wed 02/07/25,Thu 03/07/25,,0 hrs,,Thu 15/05/25,Mon 19/05/25,NA,NA,0,0,0,0
0%,Yes,Auto Scheduled,LIMs Roll Out Finalize the approved design package Team Review,0 days,Wed 02/07/25,Wed 02/07/25,865,0 hrs,,Thu 15/05/25,Fri 16/05/25,NA,NA,0,0,0,0
0%,Yes,Auto Scheduled,LIMs Roll Out Approval to Start Development Complete,1 day,Wed 02/07/25,Thu 03/07/25,867,0 hrs,,Fri 16/05/25,Mon 19/05/25,NA,NA,0,0,0,0
0%,Yes,Auto Scheduled,Phase 4 - LIMS Roll Out Development,15 days,Thu 03/07/25,Thu 24/07/25,,0 hrs,,Mon 19/05/25,Tue 10/06/25,NA,NA,0,0,0,0
0%,Yes,Auto Scheduled,LIMs Roll Out Develop detailed plans and schedules for execution.,1 day,Thu 03/07/25,Fri 04/07/25,868,0 hrs,,Mon 19/05/25,Tue 20/05/25,NA,NA,0,0,0,0
0%,Yes,Auto Scheduled,LIMs Roll Out Allocate resources and assign tasks to team members.,1 day,Fri 04/07/25,Mon 07/07/25,870,0 hrs,,Tue 20/05/25,Wed 21/05/25,NA,NA,0,0,0,0
0%,Yes,Auto Scheduled,LIMs Roll Out Conduct kickoff meetings to align all stakeholders.,1 day,Mon 07/07/25,Tue 08/07/25,871,0 hrs,,Wed 21/05/25,Thu 22/05/25,NA,NA,0,0,0,0
0%,Yes,Auto Scheduled,LIMs Roll Out Procure necessary materials and equipment.,1 day,Tue 08/07/25,Wed 09/07/25,872,0 hrs,,Thu 22/05/25,Fri 23/05/25,NA,NA,0,0,0,0
0%,Yes,Auto Scheduled,LIMs Roll Out Create prototypes or initial versions of deliverables.,1 day,Wed 09/07/25,Thu 10/07/25,873,0 hrs,,Fri 23/05/25,Mon 26/05/25,NA,NA,0,0,0,0
0%,Yes,Auto Scheduled,LIMs Roll Out Conduct initial testing and validation of prototypes.,1 day,Thu 10/07/25,Fri 11/07/25,874,0 hrs,,Mon 26/05/25,Tue 27/05/25,NA,NA,0,0,0,0
0%,Yes,Auto Scheduled,LIMs Roll Out Implement iterative development cycles (e.g. agile sprints).,1 day,Fri 11/07/25,Mon 14/07/25,875,0 hrs,,Tue 27/05/25,Wed 28/05/25,NA,NA,0,0,0,0
0%,Yes,Auto Scheduled,LIMs Roll Out Monitor and control the execution of tasks.,1 day,Mon 14/07/25,Tue 15/07/25,876,0 hrs,,Wed 28/05/25,Thu 29/05/25,NA,NA,0,0,0,0
0%,Yes,Auto Scheduled,LIMs Roll Out Collaborate and communicate with team members and stakeholders.,1 day,Tue 15/07/25,Wed 16/07/25,877,0 hrs,,Thu 29/05/25,Fri 30/05/25,NA,NA,0,0,0,0
0%,Yes,Auto Scheduled,LIMs Roll Out Perform quality assurance and control activities.,1 day,Wed 16/07/25,Thu 17/07/25,878,0 hrs,,Fri 30/05/25,Mon 02/06/25,NA,NA,0,0,0,0
0%,Yes,Auto Scheduled,LIMs Roll Out Manage project risks and implement mitigation strategies.,1 day,Thu 17/07/25,Fri 18/07/25,879,0 hrs,,Mon 02/06/25,Tue 03/06/25,NA,NA,0,0,0,0
0%,Yes,Auto Scheduled,LIMs Roll Out Document progress and update project management plans.,1 day,Fri 18/07/25,Mon 21/07/25,880,0 hrs,,Tue 03/06/25,Wed 04/06/25,NA,NA,0,0,0,0
0%,Yes,Auto Scheduled,LIMs Roll Out Conduct regular progress review meetings.,1 day,Mon 21/07/25,Tue 22/07/25,881,0 hrs,,Wed 04/06/25,Thu 05/06/25,NA,NA,0,0,0,0
0%,Yes,Auto Scheduled,LIMs Roll Out Adjust plans based on feedback and changing requirements.,1 day,Tue 22/07/25,Wed 23/07/25,882,0 hrs,,Thu 05/06/25,Fri 06/06/25,NA,NA,0,0,0,0
0%,Yes,Auto Scheduled,Gate 4 LIMs Roll Out Approval to Start Testing,1 day,Wed 23/07/25,Thu 24/07/25,,0 hrs,,Fri 06/06/25,Tue 10/06/25,NA,NA,0,0,0,0
0%,Yes,Auto Scheduled,LIMs Roll Out Finalize the approved design package Team Review,0 days,Wed 23/07/25,Wed 23/07/25,883,0 hrs,,Fri 06/06/25,Mon 09/06/25,NA,NA,0,0,0,0
0%,Yes,Auto Scheduled,LIMs Roll Out Approval to Start Testing Complete,1 day,Wed 23/07/25,Thu 24/07/25,885,0 hrs,,Mon 09/06/25,Tue 10/06/25,NA,NA,0,0,0,0
0%,,No,Auto Scheduled,Phase 5 - LIMs Roll Out Testing,16 days,Thu 24/07/25,Fri 15/08/25,,0 hrs,,Tue 10/06/25,Thu 03/07/25,NA,NA,0,0,0,0
0%,Yes,Auto Scheduled,LIMs Roll Out Develop detailed testing plans and schedules.,1 day,Thu 24/07/25,Fri 25/07/25,886,0 hrs,,Tue 10/06/25,Wed 11/06/25,NA,NA,0,0,0,0
0%,Yes,Auto Scheduled,LIMs Roll Out Prepare test environments and gather necessary tools and equipment.,1 day,Fri 25/07/25,Mon 28/07/25,888,0 hrs,,Wed 11/06/25,Thu 12/06/25,NA,NA,0,0,0,0
0%,Yes,Auto Scheduled,LIMs Roll Out Create test cases and test scripts based on requirements and specifications.,1 day,Mon 28/07/25,Tue 29/07/25,889,0 hrs,,Thu 12/06/25,Fri 13/06/25,NA,NA,0,0,0,0
0%,Yes,Auto Scheduled,LIMs Roll Out Conduct unit testing to verify individual components or modules.,1 day,Tue 29/07/25,Wed 30/07/25,890,0 hrs,,Fri 13/06/25,Mon 16/06/25,NA,NA,0,0,0,0
0%,Yes,Auto Scheduled,LIMs Roll Out Perform integration testing to ensure components work together.,1 day,Wed 30/07/25,Thu 31/07/25,891,0 hrs,,Mon 16/06/25,Tue 17/06/25,NA,NA,0,0,0,0
0%,,No,Auto Scheduled,LIMs Roll Out Execute system testing to validate the complete system's functionality.,1 day,Thu 31/07/25,Fri 01/08/25,892,0 hrs,,Tue 17/06/25,Wed 18/06/25,NA,NA,0,0,0,0
0%,,No,Auto Scheduled,LIMs Roll Out Conduct user acceptance testing (UAT) with stakeholders or end users.,1 day,Fri 01/08/25,Mon 04/08/25,893,0 hrs,,Wed 18/06/25,Thu 19/06/25,NA,NA,0,0,0,0
0%,,No,Auto Scheduled,LIMs Roll Out Perform performance testing to assess the system's responsiveness and stability.,1 day,Mon 04/08/25,Tue 05/08/25,894,0 hrs,,Thu 19/06/25,Fri 20/06/25,NA,NA,0,0,0,0
0%,,No,Auto Scheduled,LIMs Roll Out Carry out security testing to identify and mitigate vulnerabilities.,1 day,Tue 05/08/25,Wed 06/08/25,895,0 hrs,,Fri 20/06/25,Mon 23/06/25,NA,NA,0,0,0,0
0%,,No,Auto Scheduled,LIMs Roll Out Log defects and issues encountered during testing.,1 day,Wed 06/08/25,Thu 07/08/25,896,0 hrs,,Mon 23/06/25,Tue 24/06/25,NA,NA,0,0,0,0
0%,,No,Auto Scheduled,LIMs Roll Out Collaborate with developers to resolve identified defects.,1 day,Thu 07/08/25,Fri 08/08/25,897,0 hrs,,Tue 24/06/25,Wed 25/06/25,NA,NA,0,0,0,0
0%,,No,Auto Scheduled,LIMs Roll Out Retest corrected defects to ensure proper resolution.,1 day,Fri 08/08/25,Mon 11/08/25,898,0 hrs,,Wed 25/06/25,Thu 26/06/25,NA,NA,0,0,0,0
0%,,No,Auto Scheduled,LIMs Roll Out Document test results and create test reports.,1 day,Mon 11/08/25,Tue 12/08/25,899,0 hrs,,Thu 26/06/25,Fri 27/06/25,NA,NA,0,0,0,0
0%,,No,Auto Scheduled,LIMs Roll Out Review and validate test results with stakeholders.,1 day,Tue 12/08/25,Wed 13/08/25,900,0 hrs,,Fri 27/06/25,Mon 30/06/25,NA,NA,0,0,0,0
0%,,No,Auto Scheduled,LIMs Roll Out Obtain formal sign-off on testing phase completion.,0 days,Wed 13/08/25,Wed 13/08/25,901,0 hrs,,Mon 30/06/25,Tue 01/07/25,NA,NA,0,0,0,0
0%,,No,Auto Scheduled,Gate 5 LIMs Roll Out Approval to Start Implementation,2 days,Wed 13/08/25,Fri 15/08/25,,0 hrs,,Tue 01/07/25,Thu 03/07/25,NA,NA,0,0,0,0
0%,,No,Auto Scheduled,LIMs Roll Out Review and validate test results with Team Review,1 day,Wed 13/08/25,Thu 14/08/25,902,0 hrs,,Tue 01/07/25,Wed 02/07/25,NA,NA,0,0,0,0
0%,,No,Auto Scheduled,LIMs Roll Out Approval to Start Implementation Complete,1 day,Thu 14/08/25,Fri 15/08/25,904,0 hrs,,Wed 02/07/25,Thu 03/07/25,NA,NA,0,0,0,0
0%,,No,Auto Scheduled,Phase 6 - LIMs Roll Out Implementation,60 days,Fri 15/08/25,Fri 07/11/25,,0 hrs,,Thu 03/07/25,Fri 25/07/25,NA,NA,0,0,0,0
0%,,No,Auto Scheduled,LIMs Roll Out M&P Lab and SF,15 days,Fri 15/08/25,Fri 05/09/25,,0 hrs,,NA,NA,NA,NA,0,0,0,0
0%,,No,Auto Scheduled,LIMs Roll Out M&P Lab and SF Finalize and verify all implementation plans.,1 day,Fri 15/08/25,Mon 18/08/25,905,0 hrs,,Thu 03/07/25,Fri 04/07/25,NA,NA,0,0,0,0
0%,,No,Auto Scheduled,LIMs Roll Out M&P Lab and SF Prepare the deployment environment and ensure readiness.,1 day,Mon 18/08/25,Tue 19/08/25,908,0 hrs,,Fri 04/07/25,Mon 07/07/25,NA,NA,0,0,0,0
0%,,No,Auto Scheduled,LIMs Roll Out M&P Lab and SF Schedule implementation activities and communicate timelines to stakeholders.,1 day,Tue 19/08/25,Wed 20/08/25,909,0 hrs,,Mon 07/07/25,Tue 08/07/25,NA,NA,0,0,0,0
0%,,No,Auto Scheduled,LIMs Roll Out M&P Lab and SF Conduct implementation kickoff meetings.,1 day,Wed 20/08/25,Thu 21/08/25,910,0 hrs,,Tue 08/07/25,Wed 09/07/25,NA,NA,0,0,0,0
0%,,No,Auto Scheduled,LIMs Roll Out M&P Lab and SF Install or deploy project deliverables into the live environment.,1 day,Thu 21/08/25,Fri 22/08/25,911,0 hrs,,Wed 09/07/25,Thu 10/07/25,NA,NA,0,0,0,0
0%,,No,Auto Scheduled,LIMs Roll Out M&P Lab and SF Migrate data if necessary.,1 day,Fri 22/08/25,Mon 25/08/25,912,0 hrs,,Thu 10/07/25,Fri 11/07/25,NA,NA,0,0,0,0
0%,,No,Auto Scheduled,LIMs Roll Out M&P Lab and SF Perform initial setup and configuration of systems or components.,1 day,Mon 25/08/25,Tue 26/08/25,913,0 hrs,,Fri 11/07/25,Mon 14/07/25,NA,NA,0,0,0,0
0%,,No,Auto Scheduled,LIMs Roll Out M&P Lab and SF Conduct end-user training sessions and provide user documentation.,1 day,Tue 26/08/25,Wed 27/08/25,914,0 hrs,,Mon 14/07/25,Tue 15/07/25,NA,NA,0,0,0,0
0%,,No,Auto Scheduled,LIMs Roll Out M&P Lab and SF Perform validation tests to ensure proper installation and functionality.,1 day,Wed 27/08/25,Thu 28/08/25,915,0 hrs,,Tue 15/07/25,Wed 16/07/25,NA,NA,0,0,0,0
0%,,No,Auto Scheduled,LIMs Roll Out M&P Lab and SF Monitor the implementation process and address any issues that arise.,1 day,Thu 28/08/25,Fri 29/08/25,916,0 hrs,,Wed 16/07/25,Thu 17/07/25,NA,NA,0,0,0,0
0%,,No,Auto Scheduled,LIMs Roll Out M&P Lab and SF Provide user support and troubleshoot any immediate post-implementation problems.,1 day,Fri 29/08/25,Mon 01/09/25,917,0 hrs,,Thu 17/07/25,Fri 18/07/25,NA,NA,0,0,0,0
0%,,No,Auto Scheduled,LIMs Roll Out M&P Lab and SF Obtain final acceptance from stakeholders.,1 day,Mon 01/09/25,Tue 02/09/25,918,0 hrs,,Fri 18/07/25,Mon 21/07/25,NA,NA,0,0,0,0
0%,,No,Auto Scheduled,LIMs Roll Out M&P Lab and SF Document the implementation process and any lessons learned.,1 day,Tue 02/09/25,Wed 03/09/25,919,0 hrs,,Mon 21/07/25,Tue 22/07/25,NA,NA,0,0,0,0
0%,,No,Auto Scheduled,LIMs Roll Out M&P Lab and SF Conduct a post-implementation review to evaluate success and identify improvements.,1 day,Wed 03/09/25,Thu 04/09/25,920,0 hrs,,Tue 22/07/25,Wed 23/07/25,NA,NA,0,0,0,0
0%,,No,Auto Scheduled,Gate 6 LIMs Roll Out M&P Lab and SF Approval to Close out Project,1 day,Thu 04/09/25,Fri 05/09/25,,0 hrs,,Wed 23/07/25,Fri 25/07/25,NA,NA,0,0,0,0
0%,,No,Auto Scheduled,LIMs Roll Out M&P Lab and SF Obtain final acceptance from Team Review,0 days,Thu 04/09/25,Thu 04/09/25,921,0 hrs,,Wed 23/07/25,Thu 24/07/25,NA,NA,0,0,0,0
0%,,No,Auto Scheduled,LIMs Roll Out M&P Lab and SF Approval to close out Project Complete,1 day,Thu 04/09/25,Fri 05/09/25,923,0 hrs,,Thu 24/07/25,Fri 25/07/25,NA,NA,0,0,0,0
0%,,No,Auto Scheduled,LIMs Roll Out Heat Treatment,15 days,Fri 05/09/25,Fri 26/09/25,,0 hrs,,NA,NA,NA,NA,0,0,0,0
0%,,No,Auto Scheduled,LIMs Roll Out Heat Treatment Finalize and verify all implementation plans.,1 day,Fri 05/09/25,Mon 08/09/25,924,0 hrs,,Thu 03/07/25,Fri 04/07/25,NA,NA,0,0,0,0
0%,,No,Auto Scheduled,LIMs Roll Out Heat Treatment Prepare the deployment environment and ensure readiness.,1 day,Mon 08/09/25,Tue 09/09/25,926,0 hrs,,Fri 04/07/25,Mon 07/07/25,NA,NA,0,0,0,0
0%,,No,Auto Scheduled,LIMs Roll Out Heat Treatment Schedule implementation activities and communicate timelines to stakeholders.,1 day,Tue 09/09/25,Wed 10/09/25,927,0 hrs,,Mon 07/07/25,Tue 08/07/25,NA,NA,0,0,0,0
0%,,No,Auto Scheduled,LIMs Roll Out Heat Treatment Conduct implementation kickoff meetings.,1 day,Wed 10/09/25,Thu 11/09/25,928,0 hrs,,Tue 08/07/25,Wed 09/07/25,NA,NA,0,0,0,0
0%,,No,Auto Scheduled,LIMs Roll Out Heat Treatment Install or deploy project deliverables into the live environment.,1 day,Thu 11/09/25,Fri 12/09/25,929,0 hrs,,Wed 09/07/25,Thu 10/07/25,NA,NA,0,0,0,0
0%,,No,Auto Scheduled,LIMs Roll Out Heat Treatment Migrate data if necessary.,1 day,Fri 12/09/25,Mon 15/09/25,930,0 hrs,,Thu 10/07/25,Fri 11/07/25,NA,NA,0,0,0,0
0%,,No,Auto Scheduled,LIMs Roll Out Heat Treatment Perform initial setup and configuration of systems or components.,1 day,Mon 15/09/25,Tue 16/09/25,931,0 hrs,,Fri 11/07/25,Mon 14/07/25,NA,NA,0,0,0,0
0%,,No,Auto Scheduled,LIMs Roll Out Heat Treatment Conduct end-user training sessions and provide user documentation.,1 day,Tue 16/09/25,Wed 17/09/25,932,0 hrs,,Mon 14/07/25,Tue 15/07/25,NA,NA,0,0,0,0
0%,,No,Auto Scheduled,LIMs Roll Out Heat Treatment Perform validation tests to ensure proper installation and functionality.,1 day,Wed 17/09/25,Thu 18/09/25,933,0 hrs,,Tue 15/07/25,Wed 16/07/25,NA,NA,0,0,0,0
0%,,No,Auto Scheduled,LIMs Roll Out Heat Treatment Monitor the implementation process and address any issues that arise.,1 day,Thu 18/09/25,Fri 19/09/25,934,0 hrs,,Wed 16/07/25,Thu 17/07/25,NA,NA,0,0,0,0
0%,,No,Auto Scheduled,LIMs Roll Out Heat Treatment Provide user support and troubleshoot any immediate post-implementation problems.,1 day,Fri 19/09/25,Mon 22/09/25,935,0 hrs,,Thu 17/07/25,Fri 18/07/25,NA,NA,0,0,0,0
0%,,No,Auto Scheduled,LIMs Roll Out Heat Treatment Obtain final acceptance from stakeholders.,1 day,Mon 22/09/25,Tue 23/09/25,936,0 hrs,,Fri 18/07/25,Mon 21/07/25,NA,NA,0,0,0,0
0%,,No,Auto Scheduled,LIMs Roll Out Heat Treatment Document the implementation process and any lessons learned.,1 day,Tue 23/09/25,Wed 24/09/25,937,0 hrs,,Mon 21/07/25,Tue 22/07/25,NA,NA,0,0,0,0
0%,,No,Auto Scheduled,LIMs Roll Out Heat Treatment Conduct a post-implementation review to evaluate success and identify improvements.,1 day,Wed 24/09/25,Thu 25/09/25,938,0 hrs,,Tue 22/07/25,Wed 23/07/25,NA,NA,0,0,0,0
0%,,No,Auto Scheduled,Gate 6 LIMs Roll Heat Treatment Approval to Close out Project,1 day,Thu 25/09/25,Fri 26/09/25,,0 hrs,,Wed 23/07/25,Fri 25/07/25,NA,NA,0,0,0,0
0%,,No,Auto Scheduled,LIMs Roll Out Heat Treatment Obtain final acceptance from Team Review,0 days,Thu 25/09/25,Thu 25/09/25,939,0 hrs,,Wed 23/07/25,Thu 24/07/25,NA,NA,0,0,0,0
0%,,No,Auto Scheduled,LIMs Roll Out Heat Treatment Approval to close out Project Complete,1 day,Thu 25/09/25,Fri 26/09/25,941,0 hrs,,Thu 24/07/25,Fri 25/07/25,NA,NA,0,0,0,0
0%,,No,Auto Scheduled,LIMs Roll Out Shot Peen,15 days,Fri 26/09/25,Fri 17/10/25,,0 hrs,,NA,NA,NA,NA,0,0,0,0
0%,,No,Auto Scheduled,LIMs Roll Out Shot Peen Finalize and verify all implementation plans.,1 day,Fri 26/09/25,Mon 29/09/25,942,0 hrs,,Thu 03/07/25,Fri 04/07/25,NA,NA,0,0,0,0
0%,,No,Auto Scheduled,LIMs Roll Out Shot Peen Prepare the deployment environment and ensure readiness.,1 day,Mon 29/09/25,Tue 30/09/25,944,0 hrs,,Fri 04/07/25,Mon 07/07/25,NA,NA,0,0,0,0
0%,,No,Auto Scheduled,LIMs Roll Out Shot Peen Schedule implementation activities and communicate timelines to stakeholders.,1 day,Tue 30/09/25,Wed 01/10/25,945,0 hrs,,Mon 07/07/25,Tue 08/07/25,NA,NA,0,0,0,0
0%,,No,Auto Scheduled,LIMs Roll Out Shot Peen Conduct implementation kickoff meetings.,1 day,Wed 01/10/25,Thu 02/10/25,946,0 hrs,,Tue 08/07/25,Wed 09/07/25,NA,NA,0,0,0,0
0%,,No,Auto Scheduled,LIMs Roll Out Shot Peen Install or deploy project deliverables into the live environment.,1 day,Thu 02/10/25,Fri 03/10/25,947,0 hrs,,Wed 09/07/25,Thu 10/07/25,NA,NA,0,0,0,0
0%,,No,Auto Scheduled,LIMs Roll Out Shot Peen Migrate data if necessary.,1 day,Fri 03/10/25,Mon 06/10/25,948,0 hrs,,Thu 10/07/25,Fri 11/07/25,NA,NA,0,0,0,0
0%,,No,Auto Scheduled,LIMs Roll Out Shot Peen Perform initial setup and configuration of systems or components.,1 day,Mon 06/10/25,Tue 07/10/25,949,0 hrs,,Fri 11/07/25,Mon 14/07/25,NA,NA,0,0,0,0
0%,,No,Auto Scheduled,LIMs Roll Out Shot Peen Conduct end-user training sessions and provide user documentation.,1 day,Tue 07/10/25,Wed 08/10/25,950,0 hrs,,Mon 14/07/25,Tue 15/07/25,NA,NA,0,0,0,0
0%,,No,Auto Scheduled,LIMs Roll Out Shot Peen Perform validation tests to ensure proper installation and functionality.,1 day,Wed 08/10/25,Thu 09/10/25,951,0 hrs,,Tue 15/07/25,Wed 16/07/25,NA,NA,0,0,0,0
0%,,No,Auto Scheduled,LIMs Roll Out Shot Peen Monitor the implementation process and address any issues that arise.,1 day,Thu 09/10/25,Fri 10/10/25,952,0 hrs,,Wed 16/07/25,Thu 17/07/25,NA,NA,0,0,0,0
0%,,No,Auto Scheduled,LIMs Roll Out Shot Peen Provide user support and troubleshoot any immediate post-implementation problems.,1 day,Fri 10/10/25,Mon 13/10/25,953,0 hrs,,Thu 17/07/25,Fri 18/07/25,NA,NA,0,0,0,0
0%,,No,Auto Scheduled,LIMs Roll Out Shot Peen Obtain final acceptance from stakeholders.,1 day,Mon 13/10/25,Tue 14/10/25,954,0 hrs,,Fri 18/07/25,Mon 21/07/25,NA,NA,0,0,0,0
0%,,No,Auto Scheduled,LIMs Roll Out Shot Peen Document the implementation process and any lessons learned.,1 day,Tue 14/10/25,Wed 15/10/25,955,0 hrs,,Mon 21/07/25,Tue 22/07/25,NA,NA,0,0,0,0
0%,,No,Auto Scheduled,LIMs Roll Out Shot Peen Conduct a post-implementation review to evaluate success and identify improvements.,1 day,Wed 15/10/25,Thu 16/10/25,956,0 hrs,,Tue 22/07/25,Wed 23/07/25,NA,NA,0,0,0,0
0%,,No,Auto Scheduled,Gate 6 LIMs Roll Shot Peen Approval to Close out Project,1 day,Thu 16/10/25,Fri 17/10/25,,0 hrs,,Wed 23/07/25,Fri 25/07/25,NA,NA,0,0,0,0
0%,,No,Auto Scheduled,LIMs Roll Out Shot Peen Obtain final acceptance from Team Review,0 days,Thu 16/10/25,Thu 16/10/25,957,0 hrs,,Wed 23/07/25,Thu 24/07/25,NA,NA,0,0,0,0
0%,,No,Auto Scheduled,LIMs Roll Out Shot Peen Approval to close out Project Complete,1 day,Thu 16/10/25,Fri 17/10/25,959,0 hrs,,Thu 24/07/25,Fri 25/07/25,NA,NA,0,0,0,0
0%,,No,Auto Scheduled,LIMs Roll Out Paint Shop,15 days,Fri 17/10/25,Fri 07/11/25,,0 hrs,,NA,NA,NA,NA,0,0,0,0
0%,,No,Auto Scheduled,LIMs Roll Out Paint Shop Finalize and verify all implementation plans.,1 day,Fri 17/10/25,Mon 20/10/25,960,0 hrs,,Thu 03/07/25,Fri 04/07/25,NA,NA,0,0,0,0
0%,,No,Auto Scheduled,LIMs Roll Out Paint Shop Prepare the deployment environment and ensure readiness.,1 day,Mon 20/10/25,Tue 21/10/25,962,0 hrs,,Fri 04/07/25,Mon 07/07/25,NA,NA,0,0,0,0
0%,,No,Auto Scheduled,LIMs Roll Out Paint Shop Schedule implementation activities and communicate timelines to stakeholders.,1 day,Tue 21/10/25,Wed 22/10/25,963,0 hrs,,Mon 07/07/25,Tue 08/07/25,NA,NA,0,0,0,0
0%,,No,Auto Scheduled,LIMs Roll Out Paint Shop Conduct implementation kickoff meetings.,1 day,Wed 22/10/25,Thu 23/10/25,964,0 hrs,,Tue 08/07/25,Wed 09/07/25,NA,NA,0,0,0,0
0%,,No,Auto Scheduled,LIMs Roll Out Paint Shop Install or deploy project deliverables into the live environment.,1 day,Thu 23/10/25,Fri 24/10/25,965,0 hrs,,Wed 09/07/25,Thu 10/07/25,NA,NA,0,0,0,0
0%,,No,Auto Scheduled,LIMs Roll Out Paint Shop Migrate data if necessary.,1 day,Fri 24/10/25,Mon 27/10/25,966,0 hrs,,Thu 10/07/25,Fri 11/07/25,NA,NA,0,0,0,0
0%,,No,Auto Scheduled,LIMs Roll Out Paint Shop Perform initial setup and configuration of systems or components.,1 day,Mon 27/10/25,Tue 28/10/25,967,0 hrs,,Fri 11/07/25,Mon 14/07/25,NA,NA,0,0,0,0
0%,,No,Auto Scheduled,LIMs Roll Out Paint Shop Conduct end-user training sessions and provide user documentation.,1 day,Tue 28/10/25,Wed 29/10/25,968,0 hrs,,Mon 14/07/25,Tue 15/07/25,NA,NA,0,0,0,0
0%,,No,Auto Scheduled,LIMs Roll Out Paint Shop Perform validation tests to ensure proper installation and functionality.,1 day,Wed 29/10/25,Thu 30/10/25,969,0 hrs,,Tue 15/07/25,Wed 16/07/25,NA,NA,0,0,0,0
0%,,No,Auto Scheduled,LIMs Roll Out Paint Shop Monitor the implementation process and address any issues that arise.,1 day,Thu 30/10/25,Fri 31/10/25,970,0 hrs,,Wed 16/07/25,Thu 17/07/25,NA,NA,0,0,0,0
0%,,No,Auto Scheduled,LIMs Roll Out Paint Shop Provide user support and troubleshoot any immediate post-implementation problems.,1 day,Fri 31/10/25,Mon 03/11/25,971,0 hrs,,Thu 17/07/25,Fri 18/07/25,NA,NA,0,0,0,0
0%,,No,Auto Scheduled,LIMs Roll Out Paint Shop Obtain final acceptance from stakeholders.,1 day,Mon 03/11/25,Tue 04/11/25,972,0 hrs,,Fri 18/07/25,Mon 21/07/25,NA,NA,0,0,0,0
0%,,No,Auto Scheduled,LIMs Roll Out Paint Shop Document the implementation process and any lessons learned.,1 day,Tue 04/11/25,Wed 05/11/25,973,0 hrs,,Mon 21/07/25,Tue 22/07/25,NA,NA,0,0,0,0
0%,,No,Auto Scheduled,LIMs Roll Out Paint Shop Conduct a post-implementation review to evaluate success and identify improvements.,1 day,Wed 05/11/25,Thu 06/11/25,974,0 hrs,,Tue 22/07/25,Wed 23/07/25,NA,NA,0,0,0,0
0%,,No,Auto Scheduled,Gate 6 LIMs Roll Paint Shop Approval to Close out Project,1 day,Thu 06/11/25,Fri 07/11/25,,0 hrs,,Wed 23/07/25,Fri 25/07/25,NA,NA,0,0,0,0
0%,,No,Auto Scheduled,LIMs Roll Out Paint Shop Obtain final acceptance from Team Review,0 days,Thu 06/11/25,Thu 06/11/25,975,0 hrs,,Wed 23/07/25,Thu 24/07/25,NA,NA,0,0,0,0
0%,,No,Auto Scheduled,LIMs Roll Out Paint Shop Approval to close out Project Complete,1 day,Thu 06/11/25,Fri 07/11/25,977,0 hrs,,Thu 24/07/25,Fri 25/07/25,NA,NA,0,0,0,0
0%,,No,Auto Scheduled,Phase 7 - LIMs Roll Out Closure,11 days,Fri 07/11/25,Mon 24/11/25,,0 hrs,,Fri 25/07/25,Tue 12/08/25,NA,NA,0,0,0,0
0%,,No,Auto Scheduled,LIMs Roll Out Confirm all project deliverables have been completed and accepted.,1 day,Fri 07/11/25,Mon 10/11/25,924;942;960;978,0 hrs,,Fri 25/07/25,Mon 28/07/25,NA,NA,0,0,0,0
0%,,No,Auto Scheduled,LIMs Roll Out Obtain formal sign-off from stakeholders and clients.,1 day,Mon 10/11/25,Tue 11/11/25,980,0 hrs,,Mon 28/07/25,Tue 29/07/25,NA,NA,0,0,0,0
0%,,No,Auto Scheduled,LIMs Roll Out Release project resources and reassign team members to new tasks or projects.,1 day,Tue 11/11/25,Wed 12/11/25,981,0 hrs,,Tue 29/07/25,Wed 30/07/25,NA,NA,0,0,0,0
0%,,No,Auto Scheduled,LIMs Roll Out Conduct final project performance reviews.,1 day,Wed 12/11/25,Thu 13/11/25,982,0 hrs,,Wed 30/07/25,Thu 31/07/25,NA,NA,0,0,0,0
0%,,No,Auto Scheduled,LIMs Roll Out Archive all project documents and records.,1 day,Thu 13/11/25,Fri 14/11/25,983,0 hrs,,Thu 31/07/25,Fri 01/08/25,NA,NA,0,0,0,0
0%,,No,Auto Scheduled,LIMs Roll Out Complete any remaining administrative tasks such as closing contracts and settling invoices.,1 day,Fri 14/11/25,Mon 17/11/25,984,0 hrs,,Fri 01/08/25,Mon 04/08/25,NA,NA,0,0,0,0
0%,,No,Auto Scheduled,LIMs Roll Out Conduct a post-project review or lessons learned session.,1 day,Mon 17/11/25,Tue 18/11/25,985,0 hrs,,Mon 04/08/25,Tue 05/08/25,NA,NA,0,0,0,0
0%,,No,Auto Scheduled,LIMs Roll Out Document lessons learned and best practices.,1 day,Tue 18/11/25,Wed 19/11/25,986,0 hrs,,Tue 05/08/25,Wed 06/08/25,NA,NA,0,0,0,0
0%,,No,Auto Scheduled,LIMs Roll Out Prepare a final project report summarizing the project's achievements challenges and outcomes.,1 day,Wed 19/11/25,Thu 20/11/25,987,0 hrs,,Wed 06/08/25,Thu 07/08/25,NA,NA,0,0,0,0
0%,,No,Auto Scheduled,LIMs Roll Out Celebrate project completion and recognize the contributions of the project team.,1 day,Thu 20/11/25,Fri 21/11/25,988,0 hrs,,Thu 07/08/25,Fri 08/08/25,NA,NA,0,0,0,0
0%,,No,Auto Scheduled,Gate 7 LIMs Roll Out Approval to Close out Project,1 day,Fri 21/11/25,Mon 24/11/25,,0 hrs,,Fri 08/08/25,Tue 12/08/25,NA,NA,0,0,0,0
0%,,No,Auto Scheduled,LIMs Roll Out Conduct a post-project review or lessons learned session Team Review,1 day,Fri 21/11/25,Mon 24/11/25,989,0 hrs,,Fri 08/08/25,Mon 11/08/25,NA,NA,0,0,0,0
0%,,No,Auto Scheduled,LIMs Roll Out Project Complete,0 days,Mon 24/11/25,Mon 24/11/25,991,0 hrs,,Mon 11/08/25,Tue 12/08/25,NA,NA,0,0,0,0
